{
    "release": {
        "id": "acs2013_5yr",
        "name": "ACS 2013 5-year",
        "years": "2009-2013"
    },
    "tables": {
        "B08136": {
            "title": "Aggregate Travel Time to Work (In Minutes) of Workers by Means of Transportation to Work",
            "universe": "Workers 16 Years and Over Who Did Not Work at Home",
            "denominator_column_id": null,
            "columns": {
                "B08136001": {
                    "name": "Aggregate travel time to work (in minutes):",
                    "indent": 0
                },
                "B08136002": {
                    "name": "Car, truck, or van:",
                    "indent": 1
                },
                "B08136003": {
                    "name": "Drove alone",
                    "indent": 2
                },
                "B08136004": {
                    "name": "Carpooled:",
                    "indent": 2
                },
                "B08136005": {
                    "name": "In 2-person carpool",
                    "indent": 3
                },
                "B08136006": {
                    "name": "In 3-or-more-person carpool",
                    "indent": 3
                },
                "B08136007": {
                    "name": "Public transportation (excluding taxicab):",
                    "indent": 1
                },
                "B08136008": {
                    "name": "Bus or trolley bus",
                    "indent": 2
                },
                "B08136009": {
                    "name": "Streetcar or trolley car (carro publico in Puerto Rico), subway or elevated",
                    "indent": 2
                },
                "B08136010": {
                    "name": "Railroad or ferryboat",
                    "indent": 2
                },
                "B08136011": {
                    "name": "Walked",
                    "indent": 1
                },
                "B08136012": {
                    "name": "Taxicab, motorcycle, bicycle, or other means",
                    "indent": 1
                }
            }
        }
    }
}